"tank_name","tank_no","lat","long","volume","type","companyId.company_name","padId.pad_name","created_at"
"test 02","004","28.99","74.66",351,"test","Rahul wells and tanks","02","2018-1-2"
"test 03","123456","38.22","78.44",45021,"test","Liam Water and tanks","02","2018-1-2"
"test04","005","28.13","77.35678",700,"test","Smartdata Enterprises","01","2015-12-22"
"test05","006","28.133455","77.353345",470,"test","Smartdata Enterprises","01","2015-12-22"
"test06","002","28.4567","77.76123",790,"teat","Liam Water and tanks","10","2018-1-3"
"test07","003","28.0099","77.0088",760,"test","kl rahul enterprises","02","2018-1-3"
"test08","08","26.88","78.99",290,"test","kl rahul enterprises","02","2018-1-9"
"test0012","0012","23.44","78.55",200,"test","kl rahul enterprises","02","2018-1-10"
"test90","90","38.666622","78.2223",230,"test","kl rahul enterprises","02","2018-1-11"
"test021","021","38.666622","78.2223",210,"test","kl rahul enterprises","02","2018-1-11"
"test22","22","38.666622","78.2223",220,"test","kl rahul enterprises","02","2018-1-11"
"test 23","23","38.666622","78.2223",230,"test","kl rahul enterprises","02","2018-1-11"
"test 27","27","38.666622","78.2223",400,"test","kl rahul enterprises","02","2018-1-11"
"test 28","28","38.666622","78.2223",200,"test","kl rahul enterprises","02","2018-1-12"